roi_label,roi_name,x,y,z
1,7Networks_LH_Vis_1,-34.6809,-36.2043,-23.7957
2,7Networks_LH_Vis_2,-34.1909,-51.2455,-18.7091
3,7Networks_LH_Vis_3,-25.6346,-44.5192,-14.5385
4,7Networks_LH_Vis_4,-28.0153,-62.7634,-12.3664
5,7Networks_LH_Vis_5,-30.7297,-42.5946,-9.0270
6,7Networks_LH_Vis_6,-34.3280,-68.6243,-15.7778
7,7Networks_LH_Vis_7,-45.2364,-66.7636,-17.6000
8,7Networks_LH_Vis_8,-24.8595,-57.2645,-8.7851
9,7Networks_LH_Vis_9,-35.9651,-80.0116,-14.7442
10,7Networks_LH_Vis_10,-25.7849,-80.3871,-13.0968
11,7Networks_LH_Vis_11,-21.2500,-73.9815,-8.8611
12,7Networks_LH_Vis_12,-44.9455,-72.1455,-10.9673
13,7Networks_LH_Vis_13,-21.5238,-50.0317,-6.1111
14,7Networks_LH_Vis_14,-20.1909,-88.3091,-16.1636
15,7Networks_LH_Vis_15,-42.3694,-83.6943,-14.1911
16,7Networks_LH_Vis_16,-13.8421,-70.9211,-9.5263
17,7Networks_LH_Vis_17,-13.1311,-83.4098,-14.2951
18,7Networks_LH_Vis_18,-30.8000,-90.8533,-17.9467
19,7Networks_LH_Vis_19,-14.6667,-63.5556,-5.3580
20,7Networks_LH_Vis_20,-15.6061,-37.7273,-10.7879
21,7Networks_LH_Vis_21,-45.9115,-71.2920,-2.8673
22,7Networks_LH_Vis_22,-13.2464,-49.7681,-6.9855
23,7Networks_LH_Vis_23,-6.4387,-78.4387,-7.0581
24,7Networks_LH_Vis_24,-34.5072,-91.7101,-9.5797
25,7Networks_LH_Vis_25,-10.1584,-60.8515,-2.8713
26,7Networks_LH_Vis_26,-6.1913,-70.5739,-2.0000
27,7Networks_LH_Vis_27,-4.4851,-89.8614,-12.2871
28,7Networks_LH_Vis_28,-20.4571,-99.2000,-11.8540
29,7Networks_LH_Vis_29,-45.5487,-81.8359,-1.3128
30,7Networks_LH_Vis_30,-10.0654,-97.5817,-12.0654
31,7Networks_LH_Vis_31,-13.4940,-41.6627,-4.5060
32,7Networks_LH_Vis_32,-7.4286,-61.1429,2.9048
33,7Networks_LH_Vis_33,-29.3750,-95.9286,-2.4286
34,7Networks_LH_Vis_34,-36.4359,-89.1923,0.9231
35,7Networks_LH_Vis_35,-4.6966,-79.5281,2.0000
36,7Networks_LH_Vis_36,-43.9876,-70.7826,6.6211
37,7Networks_LH_Vis_37,-4.8710,-68.4839,6.4839
38,7Networks_LH_Vis_38,-16.4521,-55.2603,0.7397
39,7Networks_LH_Vis_39,-8.2258,-94.5968,-2.0806
40,7Networks_LH_Vis_40,-6.0638,-102.9787,-1.0638
41,7Networks_LH_Vis_41,-12.2388,-45.8209,2.2687
42,7Networks_LH_Vis_42,-48.1491,-77.9130,8.9193
43,7Networks_LH_Vis_43,-5.9412,-87.5647,1.9647
44,7Networks_LH_Vis_44,-17.8721,-102.0930,2.9070
45,7Networks_LH_Vis_45,-43.2895,-85.5263,10.1316
46,7Networks_LH_Vis_46,-16.9268,-68.0488,4.0732
47,7Networks_LH_Vis_47,-11.0560,-74.7680,8.7680
48,7Networks_LH_Vis_48,-13.4737,-50.4737,4.9474
49,7Networks_LH_Vis_49,-24.7774,-94.9585,7.9094
50,7Networks_LH_Vis_50,-21.6610,-59.0847,5.2881
51,7Networks_LH_Vis_51,-6.6250,-81.0208,9.8333
52,7Networks_LH_Vis_52,-2.0851,-94.5532,4.5745
53,7Networks_LH_Vis_53,-32.2081,-87.7557,9.6109
54,7Networks_LH_Vis_54,-8.7609,-99.8913,10.9022
55,7Networks_LH_Vis_55,-16.7000,-57.9000,8.2000
56,7Networks_LH_Vis_56,-17.7794,-64.8529,9.1765
57,7Networks_LH_Vis_57,-8.0000,-69.4286,12.1429
58,7Networks_LH_Vis_58,-17.7450,-98.2282,17.1275
59,7Networks_LH_Vis_59,-48.3846,-75.0769,20.2308
60,7Networks_LH_Vis_60,-1.0642,-79.3578,12.4404
61,7Networks_LH_Vis_61,-41.8898,-80.2712,16.5678
62,7Networks_LH_Vis_62,-3.3778,-92.4889,16.5889
63,7Networks_LH_Vis_63,-17.5000,-60.1364,16.3636
64,7Networks_LH_Vis_64,-25.2881,-91.0000,20.1186
65,7Networks_LH_Vis_65,-34.5490,-89.8824,19.2157
66,7Networks_LH_Vis_66,-7.0588,-68.0588,16.4118
67,7Networks_LH_Vis_67,-2.3600,-82.4667,21.3467
68,7Networks_LH_Vis_68,-10.0522,-95.3043,25.6174
69,7Networks_LH_Vis_69,-15.6056,-66.9577,17.4366
70,7Networks_LH_Vis_70,-17.3189,-89.7297,23.1784
71,7Networks_LH_Vis_71,-3.8571,-76.7429,27.0000
72,7Networks_LH_Vis_72,-27.1562,-81.0938,19.5312
73,7Networks_LH_Vis_73,-5.3054,-88.3952,32.3832
74,7Networks_LH_Vis_74,-31.4359,-84.9060,25.6923
75,7Networks_LH_Vis_75,-13.6899,-74.7597,24.3256
76,7Networks_LH_Vis_76,-17.2795,-89.1801,33.5652
77,7Networks_LH_Vis_77,-23.8835,-81.4951,29.1262
78,7Networks_LH_Vis_78,-12.0694,-80.5556,34.6667
79,7Networks_LH_Vis_79,-14.3393,-85.7321,42.0357
80,7Networks_LH_Vis_80,-22.6517,-81.4831,41.9551
81,7Networks_LH_Vis_81,-12.5042,-78.9748,44.8740
82,7Networks_LH_SomMot_1,-49.8269,5.6731,-8.1827
83,7Networks_LH_SomMot_2,-55.6509,-3.2453,-0.6509
84,7Networks_LH_SomMot_3,-62.3636,-11.3636,3.0606
85,7Networks_LH_SomMot_4,-65.2059,-18.5294,6.1471
86,7Networks_LH_SomMot_5,-52.4478,-13.7313,6.5970
87,7Networks_LH_SomMot_6,-42.6825,-19.3492,2.9683
88,7Networks_LH_SomMot_7,-65.7241,-29.7011,5.6552
89,7Networks_LH_SomMot_8,-52.6577,-20.3221,6.1074
90,7Networks_LH_SomMot_9,-59.6646,-26.0994,10.0870
91,7Networks_LH_SomMot_10,-40.9275,-23.7971,11.2464
92,7Networks_LH_SomMot_11,-33.5652,-24.3188,9.8551
93,7Networks_LH_SomMot_12,-36.0556,-14.2778,13.8889
94,7Networks_LH_SomMot_13,-62.0333,-39.6667,9.1333
95,7Networks_LH_SomMot_14,-42.7826,-29.8551,8.4638
96,7Networks_LH_SomMot_15,-33.4098,-30.8852,16.4262
97,7Networks_LH_SomMot_16,-33.8378,-22.5405,18.4865
98,7Networks_LH_SomMot_17,-40.2299,-13.1494,17.8161
99,7Networks_LH_SomMot_18,-48.5231,-33.6615,11.1077
100,7Networks_LH_SomMot_19,-54.7407,-46.9630,14.0741
101,7Networks_LH_SomMot_20,-59.0047,-36.3944,15.7183
102,7Networks_LH_SomMot_21,-47.7069,-13.4310,13.8276
103,7Networks_LH_SomMot_22,-54.6667,-7.3333,9.1111
104,7Networks_LH_SomMot_23,-64.6897,-45.9310,14.6897
105,7Networks_LH_SomMot_24,-38.9474,-26.0842,19.9368
106,7Networks_LH_SomMot_25,-39.7009,-36.3738,16.4860
107,7Networks_LH_SomMot_26,-57.5208,-14.3958,15.0417
108,7Networks_LH_SomMot_27,-60.2523,-3.2252,11.6036
109,7Networks_LH_SomMot_28,-48.6935,-21.9677,18.3871
110,7Networks_LH_SomMot_29,-64.9615,-11.2692,15.7308
111,7Networks_LH_SomMot_30,-47.3818,-30.2909,17.9818
112,7Networks_LH_SomMot_31,-61.3714,-17.9238,20.4190
113,7Networks_LH_SomMot_32,-60.2340,1.5106,22.0638
114,7Networks_LH_SomMot_33,-59.5152,-6.5253,19.2929
115,7Networks_LH_SomMot_34,-63.6566,-9.7172,27.8990
116,7Networks_LH_SomMot_35,-56.7939,-1.6794,29.0076
117,7Networks_LH_SomMot_36,-53.8873,-9.8732,31.1549
118,7Networks_LH_SomMot_37,-60.7925,-10.6792,39.0566
119,7Networks_LH_SomMot_38,-53.5690,-5.0000,36.5862
120,7Networks_LH_SomMot_39,-55.1871,-18.9548,41.6258
121,7Networks_LH_SomMot_40,-49.1603,-16.1069,40.5802
122,7Networks_LH_SomMot_41,-44.4634,-12.9268,37.8780
123,7Networks_LH_SomMot_42,-7.7931,-6.7310,41.6414
124,7Networks_LH_SomMot_43,-52.1036,-3.5959,47.2332
125,7Networks_LH_SomMot_44,-56.4545,-16.8636,50.6364
126,7Networks_LH_SomMot_45,-46.9655,-27.5172,44.6207
127,7Networks_LH_SomMot_46,-39.1429,-18.4898,40.5306
128,7Networks_LH_SomMot_47,-7.8857,-9.2952,47.6952
129,7Networks_LH_SomMot_48,-50.9682,-25.8217,54.6242
130,7Networks_LH_SomMot_49,-43.3710,-11.9677,50.3226
131,7Networks_LH_SomMot_50,-47.1325,-17.2289,53.4337
132,7Networks_LH_SomMot_51,-8.1553,-19.2427,47.4757
133,7Networks_LH_SomMot_52,-35.2308,-20.1538,45.4359
134,7Networks_LH_SomMot_53,-39.5890,-5.0137,58.1096
135,7Networks_LH_SomMot_54,-5.7241,-27.8391,50.4828
136,7Networks_LH_SomMot_55,-3.4909,-11.5636,54.3030
137,7Networks_LH_SomMot_56,-39.6235,-15.5294,57.7765
138,7Networks_LH_SomMot_57,-43.4301,-32.1658,63.2850
139,7Networks_LH_SomMot_58,-39.2741,-25.7037,54.3852
140,7Networks_LH_SomMot_59,-33.0692,-45.3082,61.3459
141,7Networks_LH_SomMot_60,-4.4667,-22.2444,57.3111
142,7Networks_LH_SomMot_61,-33.3659,-38.5041,61.7073
143,7Networks_LH_SomMot_62,-8.8687,-40.5253,57.7374
144,7Networks_LH_SomMot_63,-27.2056,-11.3925,60.4486
145,7Networks_LH_SomMot_64,-35.1605,-16.6296,67.3951
146,7Networks_LH_SomMot_65,-4.5600,-11.9733,62.9333
147,7Networks_LH_SomMot_66,-31.1080,-28.9390,62.6854
148,7Networks_LH_SomMot_67,-29.6909,-24.4727,60.4364
149,7Networks_LH_SomMot_68,-2.7899,-32.8067,59.2773
150,7Networks_LH_SomMot_69,-25.3494,-40.1687,62.0241
151,7Networks_LH_SomMot_70,-24.4583,-47.2292,63.6042
152,7Networks_LH_SomMot_71,-24.0000,-11.8500,71.3250
153,7Networks_LH_SomMot_72,-29.0820,-32.8852,71.7049
154,7Networks_LH_SomMot_73,-3.5960,-21.7778,64.8081
155,7Networks_LH_SomMot_74,-22.0588,-28.8824,56.1176
156,7Networks_LH_SomMot_75,-16.1495,-10.0374,66.3178
157,7Networks_LH_SomMot_76,-10.9383,-45.1358,69.9259
158,7Networks_LH_SomMot_77,-23.2000,-20.9500,71.5167
159,7Networks_LH_SomMot_78,-5.0909,-42.3896,65.4545
160,7Networks_LH_SomMot_79,-20.1515,-50.3030,68.1364
161,7Networks_LH_SomMot_80,-17.6140,-26.0351,64.3509
162,7Networks_LH_SomMot_81,-22.5532,-38.1702,70.6241
163,7Networks_LH_SomMot_82,-12.4127,-8.5397,71.2698
164,7Networks_LH_SomMot_83,-14.1758,-49.5165,72.9670
165,7Networks_LH_SomMot_84,-19.4915,-30.7910,68.1017
166,7Networks_LH_SomMot_85,-16.6000,-14.4889,74.6889
167,7Networks_LH_SomMot_86,-7.1579,-16.1930,74.3509
168,7Networks_LH_SomMot_87,-3.0377,-29.9245,70.6604
169,7Networks_LH_SomMot_88,-8.2093,-40.0000,75.7674
170,7Networks_LH_SomMot_89,-17.3178,-38.7907,74.2791
171,7Networks_LH_SomMot_90,-12.0696,-26.4174,73.2696
172,7Networks_LH_SomMot_91,-9.9000,-34.0000,72.2750
173,7Networks_LH_DorsAttn_Post_1,-44.5078,-41.1295,-21.6166
174,7Networks_LH_DorsAttn_Post_2,-50.6368,-48.9596,-20.5022
175,7Networks_LH_DorsAttn_Post_3,-42.6460,-53.5031,-17.0311
176,7Networks_LH_DorsAttn_Post_4,-44.7771,-57.9490,-10.6752
177,7Networks_LH_DorsAttn_Post_5,-47.2658,-62.3797,-5.4937
178,7Networks_LH_DorsAttn_Post_6,-57.3558,-59.2577,-4.9877
179,7Networks_LH_DorsAttn_Post_7,-48.1649,-65.1753,1.2990
180,7Networks_LH_DorsAttn_Post_8,-54.1538,-67.8154,5.5692
181,7Networks_LH_DorsAttn_Post_9,-57.8056,-59.9167,6.0417
182,7Networks_LH_DorsAttn_Post_10,-49.1096,-61.6164,10.3014
183,7Networks_LH_DorsAttn_Post_11,-48.0331,-69.2397,16.0496
184,7Networks_LH_DorsAttn_Post_12,-45.1910,-62.3820,15.8652
185,7Networks_LH_DorsAttn_Post_13,-43.4783,-71.4565,22.7826
186,7Networks_LH_DorsAttn_Post_14,-39.1148,-86.9508,24.5246
187,7Networks_LH_DorsAttn_Post_15,-43.4507,-78.1831,27.7746
188,7Networks_LH_DorsAttn_Post_16,-34.9697,-84.8182,33.8788
189,7Networks_LH_DorsAttn_Post_17,-30.4286,-76.8857,29.9143
190,7Networks_LH_DorsAttn_Post_18,-27.3333,-70.6222,26.9778
191,7Networks_LH_DorsAttn_Post_19,-57.0820,-22.6885,38.3279
192,7Networks_LH_DorsAttn_Post_20,-22.8049,-72.5610,35.6098
193,7Networks_LH_DorsAttn_Post_21,-26.8472,-67.1250,37.0139
194,7Networks_LH_DorsAttn_Post_22,-58.6891,-30.0504,44.7395
195,7Networks_LH_DorsAttn_Post_23,-51.8692,-27.2897,41.7196
196,7Networks_LH_DorsAttn_Post_24,-51.8636,-33.7273,45.3333
197,7Networks_LH_DorsAttn_Post_25,-41.9231,-39.1538,42.2000
198,7Networks_LH_DorsAttn_Post_26,-24.1188,-64.2574,47.1683
199,7Networks_LH_DorsAttn_Post_27,-17.6957,-77.0290,50.5507
200,7Networks_LH_DorsAttn_Post_28,-42.5522,-32.8358,42.9104
201,7Networks_LH_DorsAttn_Post_29,-19.3333,-68.7193,46.2982
202,7Networks_LH_DorsAttn_Post_30,-32.6857,-39.5143,42.6286
203,7Networks_LH_DorsAttn_Post_31,-28.6316,-58.9474,51.0789
204,7Networks_LH_DorsAttn_Post_32,-32.3750,-47.5000,46.6607
205,7Networks_LH_DorsAttn_Post_33,-27.5676,-53.6216,48.8649
206,7Networks_LH_DorsAttn_Post_34,-6.0541,-76.7568,52.0541
207,7Networks_LH_DorsAttn_Post_35,-40.6715,-35.6496,51.4015
208,7Networks_LH_DorsAttn_Post_36,-26.0247,-64.8889,56.7654
209,7Networks_LH_DorsAttn_Post_37,-28.2857,-57.1429,57.1429
210,7Networks_LH_DorsAttn_Post_38,-15.1772,-71.8987,55.0127
211,7Networks_LH_DorsAttn_Post_39,-38.0455,-41.7727,56.6364
212,7Networks_LH_DorsAttn_Post_40,-36.9474,-52.5526,57.5658
213,7Networks_LH_DorsAttn_Post_41,-8.2316,-69.7053,59.6842
214,7Networks_LH_DorsAttn_Post_42,-21.3882,-68.2824,62.2353
215,7Networks_LH_DorsAttn_Post_43,-29.0617,-60.9630,62.8148
216,7Networks_LH_DorsAttn_Post_44,-3.3175,-52.8571,57.9524
217,7Networks_LH_DorsAttn_Post_45,-6.5827,-61.1654,60.3937
218,7Networks_LH_DorsAttn_Post_46,-14.6977,-63.6512,60.6279
219,7Networks_LH_DorsAttn_Post_47,-31.9579,-52.1053,67.1579
220,7Networks_LH_DorsAttn_Post_48,-22.5041,-58.1301,64.7805
221,7Networks_LH_DorsAttn_Post_49,-6.7500,-53.4375,67.1667
222,7Networks_LH_DorsAttn_Post_50,-14.3026,-58.7763,67.0658
223,7Networks_LH_DorsAttn_FEF_1,-42.3931,-2.3006,49.9422
224,7Networks_LH_DorsAttn_FEF_2,-28.6821,3.5607,57.4682
225,7Networks_LH_DorsAttn_FEF_3,-32.8186,-3.2744,51.3116
226,7Networks_LH_DorsAttn_FEF_4,-24.0863,-5.2806,52.0863
227,7Networks_LH_DorsAttn_FEF_5,-22.3310,7.0141,61.2324
228,7Networks_LH_DorsAttn_FEF_6,-20.5385,-5.5962,60.1923
229,7Networks_LH_DorsAttn_FEF_7,-19.2096,-0.3713,68.8383
230,7Networks_LH_DorsAttn_PrCv_1,-51.2057,5.6738,27.0922
231,7Networks_LH_DorsAttn_PrCv_2,-54.5455,6.5974,34.9091
232,7Networks_LH_DorsAttn_PrCv_3,-41.4583,2.4167,31.2083
233,7Networks_LH_DorsAttn_PrCv_4,-49.1970,1.6667,38.9091
234,7Networks_LH_SalVentAttn_ParOper_1,-46.9027,-38.8673,23.4159
235,7Networks_LH_SalVentAttn_ParOper_2,-58.6968,-44.8903,22.8000
236,7Networks_LH_SalVentAttn_ParOper_3,-59.9574,-24.6099,20.1702
237,7Networks_LH_SalVentAttn_ParOper_4,-53.3846,-41.1868,30.0659
238,7Networks_LH_SalVentAttn_ParOper_5,-58.1885,-31.6754,23.5183
239,7Networks_LH_SalVentAttn_ParOper_6,-61.7778,-43.8704,31.0370
240,7Networks_LH_SalVentAttn_ParOper_7,-58.9794,-18.7629,30.5361
241,7Networks_LH_SalVentAttn_ParOper_8,-61.2390,-36.1366,33.6000
242,7Networks_LH_SalVentAttn_ParOper_9,-63.9151,-26.9245,34.6132
243,7Networks_LH_SalVentAttn_TempOcc_1,-56.5546,-57.1092,13.9496
244,7Networks_LH_SalVentAttn_TempOcc_2,-48.8056,-50.8611,12.9444
245,7Networks_LH_SalVentAttn_FrOper_1,-36.5455,5.6364,-15.8182
246,7Networks_LH_SalVentAttn_FrOper_2,-38.9537,0.9444,-9.3889
247,7Networks_LH_SalVentAttn_FrOper_3,-37.5172,10.0920,-1.2874
248,7Networks_LH_SalVentAttn_FrOper_4,-40.8358,-9.8209,-9.5821
249,7Networks_LH_SalVentAttn_FrOper_5,-34.7027,29.5946,-0.8378
250,7Networks_LH_SalVentAttn_FrOper_6,-45.9012,-12.4198,-4.5432
251,7Networks_LH_SalVentAttn_FrOper_7,-31.5098,19.6863,3.3725
252,7Networks_LH_SalVentAttn_FrOper_8,-39.1875,-2.1125,1.6875
253,7Networks_LH_SalVentAttn_FrOper_9,-38.6667,-15.4889,2.6556
254,7Networks_LH_SalVentAttn_FrOper_10,-32.7500,25.7778,7.3889
255,7Networks_LH_SalVentAttn_FrOper_11,-31.5682,13.3409,10.2500
256,7Networks_LH_SalVentAttn_FrOper_12,-36.0952,-2.9143,9.8095
257,7Networks_LH_SalVentAttn_FrOper_13,-37.4648,18.5634,7.9718
258,7Networks_LH_SalVentAttn_FrOper_14,-38.2133,6.2400,10.5600
259,7Networks_LH_SalVentAttn_FrOper_15,-37.5172,-3.8621,16.5517
260,7Networks_LH_SalVentAttn_FrOper_16,-43.0476,12.8571,1.9286
261,7Networks_LH_SalVentAttn_FrOper_17,-44.0645,-2.0323,12.1935
262,7Networks_LH_SalVentAttn_FrOper_18,-45.9091,6.9318,1.2500
263,7Networks_LH_SalVentAttn_FrOper_19,-47.7885,-3.4615,6.5192
264,7Networks_LH_SalVentAttn_FrOper_20,-53.8105,5.8947,1.4947
265,7Networks_LH_SalVentAttn_FrOper_21,-58.0270,1.5946,7.5676
266,7Networks_LH_SalVentAttn_FrOper_22,-55.0080,8.1120,11.9520
267,7Networks_LH_SalVentAttn_FrOper_23,-58.6667,5.3913,16.8116
268,7Networks_LH_SalVentAttn_PFCl_1,-29.7765,41.8436,30.5419
269,7Networks_LH_SalVentAttn_PFCl_2,-25.5873,37.3175,39.2063
270,7Networks_LH_SalVentAttn_Med_1,-6.9721,27.3631,28.1453
271,7Networks_LH_SalVentAttn_Med_2,-4.9620,15.8987,31.1646
272,7Networks_LH_SalVentAttn_Med_3,-2.3853,0.8807,35.8349
273,7Networks_LH_SalVentAttn_Med_4,-7.3194,5.7083,38.9583
274,7Networks_LH_SalVentAttn_Med_5,-7.0000,-19.1481,39.2593
275,7Networks_LH_SalVentAttn_Med_6,-5.7937,17.0583,40.2780
276,7Networks_LH_SalVentAttn_Med_7,-11.0105,-31.4105,39.7263
277,7Networks_LH_SalVentAttn_Med_8,-11.5294,-20.1176,40.1412
278,7Networks_LH_SalVentAttn_Med_9,-13.6250,-40.4500,45.2000
279,7Networks_LH_SalVentAttn_Med_10,-5.8824,3.3235,49.7059
280,7Networks_LH_SalVentAttn_Med_11,-12.3951,-28.6667,43.9012
281,7Networks_LH_SalVentAttn_Med_12,-4.3896,-49.3766,51.0130
282,7Networks_LH_SalVentAttn_Med_13,-10.8974,-45.3077,52.6923
283,7Networks_LH_SalVentAttn_Med_14,-12.0563,-36.7042,50.1408
284,7Networks_LH_SalVentAttn_Med_15,-4.5366,3.0488,58.5854
285,7Networks_LH_SalVentAttn_Med_16,-8.6667,-48.1333,59.8667
286,7Networks_LH_SalVentAttn_Med_17,-3.3258,-2.0000,63.9551
287,7Networks_LH_SalVentAttn_Med_18,-12.8421,6.1053,68.3158
288,7Networks_LH_SalVentAttn_Med_19,-8.3371,-2.8090,71.2022
289,7Networks_LH_Limbic_OFC_1,-19.2621,12.8932,-21.8447
290,7Networks_LH_Limbic_OFC_2,-12.9828,20.7759,-17.1034
291,7Networks_LH_Limbic_OFC_3,-14.0714,23.7500,-23.7679
292,7Networks_LH_Limbic_OFC_4,-9.9765,34.3294,-21.9529
293,7Networks_LH_Limbic_OFC_5,-27.3043,15.3739,-23.0609
294,7Networks_LH_Limbic_OFC_6,-6.8785,19.4579,-22.0000
295,7Networks_LH_Limbic_OFC_7,-24.3453,28.1295,-17.2374
296,7Networks_LH_Limbic_OFC_8,-18.9084,40.9402,-19.0040
297,7Networks_LH_Limbic_OFC_9,-3.1100,38.0957,-22.0191
298,7Networks_LH_Limbic_OFC_10,-8.7711,50.5863,-22.7068
299,7Networks_LH_Limbic_OFC_11,-3.0375,20.0000,-17.4625
300,7Networks_LH_Limbic_OFC_12,-3.9333,16.6000,-10.0333
301,7Networks_LH_Limbic_OFC_13,-9.7207,63.0615,-15.0615
302,7Networks_LH_Limbic_OFC_14,-22.2988,61.5685,-11.0373
303,7Networks_LH_Limbic_TempPole_1,-28.6211,1.0352,-42.8530
304,7Networks_LH_Limbic_TempPole_2,-42.9153,-2.4068,-42.9407
305,7Networks_LH_Limbic_TempPole_3,-37.6547,-11.2230,-37.5683
306,7Networks_LH_Limbic_TempPole_4,-28.2308,-7.9327,-34.2404
307,7Networks_LH_Limbic_TempPole_5,-50.8545,-13.8028,-36.5352
308,7Networks_LH_Limbic_TempPole_6,-18.7119,-1.8983,-29.8983
309,7Networks_LH_Limbic_TempPole_7,-38.8861,-18.2194,-28.5316
310,7Networks_LH_Limbic_TempPole_8,-36.6941,16.8549,-34.0000
311,7Networks_LH_Limbic_TempPole_9,-26.4964,7.3525,-29.4532
312,7Networks_LH_Limbic_TempPole_10,-43.6875,-29.9531,-21.7812
313,7Networks_LH_Limbic_TempPole_11,-53.0885,-31.1593,-27.0354
314,7Networks_LH_Limbic_TempPole_12,-20.5116,-14.6047,-28.9302
315,7Networks_LH_Limbic_TempPole_13,-31.4850,-23.0659,-25.6647
316,7Networks_LH_Limbic_TempPole_14,-37.3443,8.7213,-24.7869
317,7Networks_LH_Limbic_TempPole_15,-44.5269,6.2258,-16.3548
318,7Networks_LH_Cont_Par_1,-28.7976,-77.2857,41.3452
319,7Networks_LH_Cont_Par_2,-59.2555,-41.1387,43.8394
320,7Networks_LH_Cont_Par_3,-57.1892,-46.8108,45.1351
321,7Networks_LH_Cont_Par_4,-32.0972,-69.1528,50.7083
322,7Networks_LH_Cont_Par_5,-48.6486,-55.5135,51.4414
323,7Networks_LH_Cont_Par_6,-50.7407,-47.4074,53.8025
324,7Networks_LH_Cont_Par_7,-54.7419,-39.4839,50.6774
325,7Networks_LH_Cont_Par_8,-38.1875,-60.9583,51.1667
326,7Networks_LH_Cont_Par_9,-47.5614,-41.5614,49.8596
327,7Networks_LH_Cont_Par_10,-41.7176,-53.6941,48.7059
328,7Networks_LH_Cont_Par_11,-43.6632,-46.8842,48.3368
329,7Networks_LH_Cont_Par_12,-28.4898,-67.0612,48.9388
330,7Networks_LH_Cont_Par_13,-33.1739,-58.8696,43.4348
331,7Networks_LH_Cont_Par_14,-36.5120,-46.4960,39.5200
332,7Networks_LH_Cont_Par_15,-32.2105,-52.8842,41.3263
333,7Networks_LH_Cont_Temp_1,-59.3571,-38.9107,-20.4643
334,7Networks_LH_Cont_Temp_2,-55.3596,-56.9261,-17.0640
335,7Networks_LH_Cont_Temp_3,-59.9588,-47.2371,-11.8454
336,7Networks_LH_Cont_Temp_4,-62.2609,-49.2174,-2.6087
337,7Networks_LH_Cont_PFCd_1,-23.6739,13.4130,52.0870
338,7Networks_LH_Cont_PFCl_1,-40.6790,51.1808,-3.1292
339,7Networks_LH_Cont_PFCl_2,-47.0455,41.6515,3.6515
340,7Networks_LH_Cont_PFCl_3,-38.5057,49.7962,6.8604
341,7Networks_LH_Cont_PFCl_4,-50.9143,32.3200,12.2286
342,7Networks_LH_Cont_PFCl_5,-29.0187,56.1124,9.8652
343,7Networks_LH_Cont_PFCl_6,-42.8425,37.6220,13.5276
344,7Networks_LH_Cont_PFCl_7,-49.3254,11.0888,12.6391
345,7Networks_LH_Cont_PFCl_8,-44.8024,25.4371,19.7365
346,7Networks_LH_Cont_PFCl_9,-38.0867,45.6037,18.5882
347,7Networks_LH_Cont_PFCl_10,-47.5359,15.0387,24.9171
348,7Networks_LH_Cont_PFCl_11,-48.4220,6.8257,21.9266
349,7Networks_LH_Cont_PFCl_12,-28.7699,50.1757,22.1004
350,7Networks_LH_Cont_PFCl_13,-41.4713,33.7471,22.9195
351,7Networks_LH_Cont_PFCl_14,-43.4460,22.9424,27.3669
352,7Networks_LH_Cont_PFCl_15,-42.6243,37.0794,29.5767
353,7Networks_LH_Cont_PFCl_16,-37.1311,8.3770,27.0328
354,7Networks_LH_Cont_PFCl_17,-45.1628,21.3488,35.3209
355,7Networks_LH_Cont_PFCl_18,-39.0462,9.8769,32.8308
356,7Networks_LH_Cont_PFCl_19,-34.5844,32.2727,38.5130
357,7Networks_LH_Cont_PFCl_20,-40.0678,3.5763,36.8644
358,7Networks_LH_Cont_OFC_1,-27.1594,47.1787,-13.5266
359,7Networks_LH_Cont_PFCv_1,-34.9286,15.8000,-7.3143
360,7Networks_LH_Cont_PFCv_2,-31.4103,23.7179,-3.1538
361,7Networks_LH_Cont_pCun_1,-10.3361,-69.5798,30.8403
362,7Networks_LH_Cont_pCun_2,-9.8862,-72.8130,38.3252
363,7Networks_LH_Cont_pCun_3,-3.7143,-76.5397,44.4444
364,7Networks_LH_Cont_pCun_4,-4.2931,-65.8276,51.7414
365,7Networks_LH_Cont_Cing_1,-3.1481,18.7037,23.0741
366,7Networks_LH_Cont_Cing_2,-6.5000,-37.5500,24.8500
367,7Networks_LH_Cont_Cing_3,-5.7073,-26.1951,27.4634
368,7Networks_LH_Cont_Cing_4,-3.0500,9.2500,27.3500
369,7Networks_LH_Cont_Cing_5,-4.0000,-12.8936,29.5319
370,7Networks_LH_Cont_Cing_6,-4.4211,-1.3684,30.5789
371,7Networks_LH_Cont_Cing_7,-3.4074,-32.2222,28.8148
372,7Networks_LH_Cont_Cing_8,-2.2609,-22.7826,30.9565
373,7Networks_LH_Cont_PFCmp_1,-3.8009,24.4163,47.5566
374,7Networks_LH_Cont_PFCmp_2,-5.3673,13.8163,53.3265
375,7Networks_LH_Default_Par_1,-47.5181,-57.9518,18.0964
376,7Networks_LH_Default_Par_2,-46.9434,-50.7547,19.6981
377,7Networks_LH_Default_Par_3,-59.8293,-52.6585,18.5610
378,7Networks_LH_Default_Par_4,-45.5975,-64.7421,23.3082
379,7Networks_LH_Default_Par_5,-44.4426,-56.6557,25.4918
380,7Networks_LH_Default_Par_6,-52.1101,-54.9174,25.5229
381,7Networks_LH_Default_Par_7,-61.4286,-54.0220,25.6484
382,7Networks_LH_Default_Par_8,-46.8276,-70.9310,30.0517
383,7Networks_LH_Default_Par_9,-47.9420,-64.0145,31.2754
384,7Networks_LH_Default_Par_10,-46.6944,-57.7778,34.1111
385,7Networks_LH_Default_Par_11,-54.3820,-57.4607,33.1910
386,7Networks_LH_Default_Par_12,-38.3263,-77.5474,39.8000
387,7Networks_LH_Default_Par_13,-58.5926,-50.9333,34.0889
388,7Networks_LH_Default_Par_14,-46.7320,-69.2062,39.5258
389,7Networks_LH_Default_Par_15,-46.2459,-61.4918,42.6557
390,7Networks_LH_Default_Par_16,-54.0000,-59.2381,41.6190
391,7Networks_LH_Default_Par_17,-36.9533,-72.1869,48.4860
392,7Networks_LH_Default_Par_18,-52.3357,-50.8671,41.5664
393,7Networks_LH_Default_Par_19,-43.1789,-64.4000,51.5789
394,7Networks_LH_Default_Temp_1,-46.0717,7.1541,-36.7885
395,7Networks_LH_Default_Temp_2,-52.6125,-5.4170,-31.5941
396,7Networks_LH_Default_Temp_3,-58.9697,-21.7749,-26.2251
397,7Networks_LH_Default_Temp_4,-54.6218,4.1261,-26.3193
398,7Networks_LH_Default_Temp_5,-48.1576,14.8970,-24.0848
399,7Networks_LH_Default_Temp_6,-61.4875,-15.2646,-20.8134
400,7Networks_LH_Default_Temp_7,-52.4746,6.7684,-16.8814
401,7Networks_LH_Default_Temp_8,-62.2075,-33.3019,-14.1509
402,7Networks_LH_Default_Temp_9,-59.0667,-9.6167,-13.9000
403,7Networks_LH_Default_Temp_10,-64.2564,-24.7009,-8.2906
404,7Networks_LH_Default_Temp_11,-53.3968,-3.8730,-11.1958
405,7Networks_LH_Default_Temp_12,-65.8561,-36.6906,-5.9856
406,7Networks_LH_Default_Temp_13,-52.1748,-21.5340,-8.4466
407,7Networks_LH_Default_Temp_14,-57.2203,-31.2712,-4.9831
408,7Networks_LH_Default_Temp_15,-57.5829,-13.6043,-4.3529
409,7Networks_LH_Default_Temp_16,-62.5882,-41.2941,0.7206
410,7Networks_LH_Default_Temp_17,-49.5955,-33.7303,-2.0674
411,7Networks_LH_Default_Temp_18,-57.1543,-23.8171,-0.8914
412,7Networks_LH_Default_Temp_19,-53.8286,-41.7143,1.1714
413,7Networks_LH_Default_Temp_20,-60.1481,-50.7407,6.0444
414,7Networks_LH_Default_Temp_21,-55.0680,-34.3884,4.1359
415,7Networks_LH_Default_Temp_22,-51.2868,-44.7597,6.8837
416,7Networks_LH_Default_PFC_1,-28.3056,16.6389,-15.6111
417,7Networks_LH_Default_PFC_2,-33.2414,12.3448,-12.2759
418,7Networks_LH_Default_PFC_3,-35.4731,36.3226,-12.4409
419,7Networks_LH_Default_PFC_4,-37.4597,23.9532,-14.8935
420,7Networks_LH_Default_PFC_5,-6.0082,32.5633,-11.3306
421,7Networks_LH_Default_PFC_6,-38.6824,50.3608,-13.2235
422,7Networks_LH_Default_PFC_7,-4.8471,54.7268,-10.2807
423,7Networks_LH_Default_PFC_8,-45.7521,30.6581,-10.8632
424,7Networks_LH_Default_PFC_9,-3.9444,24.3333,-5.5556
425,7Networks_LH_Default_PFC_10,-8.1088,46.1224,-4.0272
426,7Networks_LH_Default_PFC_11,-49.0710,39.6645,-6.7355
427,7Networks_LH_Default_PFC_12,-16.5455,64.9697,-3.1970
428,7Networks_LH_Default_PFC_13,-4.1053,35.4737,-3.2632
429,7Networks_LH_Default_PFC_14,-28.0738,57.9344,-1.3525
430,7Networks_LH_Default_PFC_15,-44.0635,28.4286,-1.1746
431,7Networks_LH_Default_PFC_16,-8.4963,68.2044,2.2482
432,7Networks_LH_Default_PFC_17,-51.5948,28.1379,2.2241
433,7Networks_LH_Default_PFC_18,-44.7438,20.3802,6.1322
434,7Networks_LH_Default_PFC_19,-6.1610,59.2881,7.8644
435,7Networks_LH_Default_PFC_20,-5.9760,44.8201,6.5564
436,7Networks_LH_Default_PFC_21,-54.2173,18.7540,11.9361
437,7Networks_LH_Default_PFC_22,-20.4576,65.0185,9.2989
438,7Networks_LH_Default_PFC_23,-2.2800,35.9600,8.6400
439,7Networks_LH_Default_PFC_24,-8.6735,67.1429,15.5714
440,7Networks_LH_Default_PFC_25,-2.6316,29.1053,17.1579
441,7Networks_LH_Default_PFC_26,-23.3371,57.8743,20.1600
442,7Networks_LH_Default_PFC_27,-5.3941,50.7294,21.0824
443,7Networks_LH_Default_PFC_28,-7.4476,36.4952,20.9810
444,7Networks_LH_Default_PFC_29,-15.5170,59.7811,26.3774
445,7Networks_LH_Default_PFC_30,-5.2828,61.7241,27.1172
446,7Networks_LH_Default_PFC_31,-21.7879,48.9293,31.1919
447,7Networks_LH_Default_PFC_32,-3.7321,36.5893,34.0625
448,7Networks_LH_Default_PFC_33,-3.1245,48.8069,38.1116
449,7Networks_LH_Default_PFC_34,-11.8641,51.1845,40.4466
450,7Networks_LH_Default_PFC_35,-19.8571,42.9610,41.7143
451,7Networks_LH_Default_PFC_36,-46.3947,13.1579,40.7105
452,7Networks_LH_Default_PFC_37,-39.1972,23.9585,46.2491
453,7Networks_LH_Default_PFC_38,-25.0000,27.2870,43.7500
454,7Networks_LH_Default_PFC_39,-2.9744,35.0940,47.2821
455,7Networks_LH_Default_PFC_40,-7.5873,41.4074,52.4656
456,7Networks_LH_Default_PFC_41,-18.9421,34.2066,49.5950
457,7Networks_LH_Default_PFC_42,-41.5833,6.7885,48.8462
458,7Networks_LH_Default_PFC_43,-37.9487,12.8547,56.4786
459,7Networks_LH_Default_PFC_44,-29.4598,16.5747,55.8966
460,7Networks_LH_Default_PFC_45,-22.2301,18.9204,46.8496
461,7Networks_LH_Default_PFC_46,-5.4571,25.0714,60.5000
462,7Networks_LH_Default_PFC_47,-13.8222,27.2556,58.8111
463,7Networks_LH_Default_PFC_48,-21.9252,21.2897,58.4486
464,7Networks_LH_Default_PFC_49,-4.8112,11.6787,64.5542
465,7Networks_LH_Default_PFC_50,-15.3020,14.6577,65.2483
466,7Networks_LH_Default_PCC_1,-6.9333,-46.4000,8.2667
467,7Networks_LH_Default_PCC_2,-8.7500,-53.3333,8.3833
468,7Networks_LH_Default_PCC_3,-5.7059,-46.7059,14.4118
469,7Networks_LH_Default_PCC_4,-10.3308,-58.6917,16.4511
470,7Networks_LH_Default_PCC_5,-4.8103,-53.2586,17.3966
471,7Networks_LH_Default_PCC_6,-5.9130,-44.1739,21.1304
472,7Networks_LH_Default_PCC_7,-14.9286,-63.0238,22.2857
473,7Networks_LH_Default_PCC_8,-2.8750,-47.2500,23.6667
474,7Networks_LH_Default_PCC_9,-14.0000,-66.7407,25.7407
475,7Networks_LH_Default_PCC_10,-3.3465,-60.8119,22.8317
476,7Networks_LH_Default_PCC_11,-3.3333,-41.4667,26.2667
477,7Networks_LH_Default_PCC_12,-7.4340,-52.9057,26.2642
478,7Networks_LH_Default_PCC_13,-6.4286,-66.6786,26.0714
479,7Networks_LH_Default_PCC_14,-5.3134,-46.3582,29.9403
480,7Networks_LH_Default_PCC_15,-5.9718,-57.6338,29.5211
481,7Networks_LH_Default_PCC_16,-3.4627,-39.4030,30.8060
482,7Networks_LH_Default_PCC_17,-12.2703,-48.7568,30.5946
483,7Networks_LH_Default_PCC_18,-3.4227,-64.6186,32.5979
484,7Networks_LH_Default_PCC_19,-4.2712,-33.8983,35.2542
485,7Networks_LH_Default_PCC_20,-8.5574,-41.7049,34.7541
486,7Networks_LH_Default_PCC_21,-2.4234,-14.9051,36.7445
487,7Networks_LH_Default_PCC_22,-2.7692,-26.8462,37.6154
488,7Networks_LH_Default_PCC_23,-7.8125,-54.7500,34.8750
489,7Networks_LH_Default_PCC_24,-2.2909,-70.6545,36.5818
490,7Networks_LH_Default_PCC_25,-4.9412,-32.3235,41.6471
491,7Networks_LH_Default_PCC_26,-11.5942,-47.7971,37.1884
492,7Networks_LH_Default_PCC_27,-4.9804,-40.1765,42.0196
493,7Networks_LH_Default_PCC_28,-5.0286,-61.8857,39.0286
494,7Networks_LH_Default_PCC_29,-6.5763,-54.2203,42.2203
495,7Networks_LH_Default_PCC_30,-3.6066,-67.6393,44.3607
496,7Networks_LH_Default_PCC_31,-6.5238,-47.0952,44.5556
497,7Networks_LH_Default_PCC_32,-5.2745,-58.6471,48.1765
498,7Networks_LH_Default_PHC_1,-30.1921,-32.3955,-17.9661
499,7Networks_LH_Default_PHC_2,-19.8082,-24.4110,-21.9178
500,7Networks_LH_Default_PHC_3,-20.9481,-36.0260,-13.5584
501,7Networks_RH_Vis_1,32.3824,-36.1191,-22.6207
502,7Networks_RH_Vis_2,36.2038,-51.6943,-18.3949
503,7Networks_RH_Vis_3,30.3891,-32.5068,-16.2624
504,7Networks_RH_Vis_4,26.2903,-49.3226,-14.0323
505,7Networks_RH_Vis_5,46.1828,-57.0430,-17.4194
506,7Networks_RH_Vis_6,35.8595,-66.9297,-15.4811
507,7Networks_RH_Vis_7,30.0496,-45.9835,-8.8099
508,7Networks_RH_Vis_8,26.7817,-71.3299,-10.3046
509,7Networks_RH_Vis_9,27.3936,-59.1383,-8.6489
510,7Networks_RH_Vis_10,20.5750,-31.3500,-15.2500
511,7Networks_RH_Vis_11,37.7938,-77.7216,-15.4124
512,7Networks_RH_Vis_12,26.1440,-80.7360,-12.0480
513,7Networks_RH_Vis_13,22.2476,-44.0571,-9.2762
514,7Networks_RH_Vis_14,18.9402,-70.7350,-8.9915
515,7Networks_RH_Vis_15,19.9857,-59.8143,-6.9571
516,7Networks_RH_Vis_16,46.1596,-77.2553,-14.4362
517,7Networks_RH_Vis_17,19.5133,-88.5044,-12.1239
518,7Networks_RH_Vis_18,14.7027,-79.7568,-13.0811
519,7Networks_RH_Vis_19,16.7667,-35.8333,-11.6333
520,7Networks_RH_Vis_20,33.9535,-89.5349,-15.5814
521,7Networks_RH_Vis_21,49.9205,-62.3046,-6.7550
522,7Networks_RH_Vis_22,14.5905,-49.5810,-7.2000
523,7Networks_RH_Vis_23,12.0774,-61.6000,-2.8129
524,7Networks_RH_Vis_24,8.3373,-72.0803,-3.8795
525,7Networks_RH_Vis_25,6.8000,-89.5667,-12.1833
526,7Networks_RH_Vis_26,48.8130,-75.3496,-7.2520
527,7Networks_RH_Vis_27,21.7164,-97.4478,-13.4627
528,7Networks_RH_Vis_28,3.9355,-81.6613,-4.8871
529,7Networks_RH_Vis_29,12.5769,-96.2436,-7.6026
530,7Networks_RH_Vis_30,33.3419,-93.0452,-6.6710
531,7Networks_RH_Vis_31,17.7665,-43.7970,-3.0660
532,7Networks_RH_Vis_32,13.8557,-55.4021,2.0619
533,7Networks_RH_Vis_33,4.7059,-62.1765,5.8235
534,7Networks_RH_Vis_34,46.5763,-65.8079,-0.6328
535,7Networks_RH_Vis_35,41.8356,-86.0548,-4.0411
536,7Networks_RH_Vis_36,3.9268,-72.0488,5.1707
537,7Networks_RH_Vis_37,22.5823,-100.4557,-5.2658
538,7Networks_RH_Vis_38,8.5902,-91.1803,0.6721
539,7Networks_RH_Vis_39,50.9333,-73.8333,0.8333
540,7Networks_RH_Vis_40,11.7681,-63.4783,6.0290
541,7Networks_RH_Vis_41,23.3023,-52.2791,3.4419
542,7Networks_RH_Vis_42,13.2308,-44.3590,3.0000
543,7Networks_RH_Vis_43,13.6404,-103.0112,1.9551
544,7Networks_RH_Vis_44,8.1624,-81.4619,5.1777
545,7Networks_RH_Vis_45,26.0000,-98.4024,3.2927
546,7Networks_RH_Vis_46,10.8440,-97.5046,4.5872
547,7Networks_RH_Vis_47,23.8182,-62.4895,5.3427
548,7Networks_RH_Vis_48,18.9677,-53.1290,7.2258
549,7Networks_RH_Vis_49,49.3951,-66.0370,8.7037
550,7Networks_RH_Vis_50,12.3197,-70.7881,10.5874
551,7Networks_RH_Vis_51,33.4470,-89.0599,3.8249
552,7Networks_RH_Vis_52,43.4800,-79.1000,4.9500
553,7Networks_RH_Vis_53,14.3059,-100.8706,12.7529
554,7Networks_RH_Vis_54,4.7595,-86.3797,9.8481
555,7Networks_RH_Vis_55,5.4043,-76.0426,13.6596
556,7Networks_RH_Vis_56,48.4923,-72.6000,12.2923
557,7Networks_RH_Vis_57,20.9880,-59.2530,11.1084
558,7Networks_RH_Vis_58,25.9060,-95.6376,14.8054
559,7Networks_RH_Vis_59,6.6508,-93.6190,15.3810
560,7Networks_RH_Vis_60,37.7079,-84.1124,9.3933
561,7Networks_RH_Vis_61,14.9694,-94.2707,19.2402
562,7Networks_RH_Vis_62,30.6593,-87.1648,12.6593
563,7Networks_RH_Vis_63,8.3377,-66.6753,18.8571
564,7Networks_RH_Vis_64,5.2139,-80.7463,22.5572
565,7Networks_RH_Vis_65,18.0472,-64.0315,17.1339
566,7Networks_RH_Vis_66,43.3034,-79.8202,16.0000
567,7Networks_RH_Vis_67,26.6446,-89.0909,20.8430
568,7Networks_RH_Vis_68,7.6092,-89.9540,28.5287
569,7Networks_RH_Vis_69,33.7586,-84.2931,18.7241
570,7Networks_RH_Vis_70,7.1290,-74.4194,28.1613
571,7Networks_RH_Vis_71,16.8125,-72.1406,25.0469
572,7Networks_RH_Vis_72,38.9841,-84.0635,26.4127
573,7Networks_RH_Vis_73,17.7478,-88.7217,27.6957
574,7Networks_RH_Vis_74,17.8333,-63.3148,26.8519
575,7Networks_RH_Vis_75,10.0741,-85.1728,39.4815
576,7Networks_RH_Vis_76,34.1842,-76.4474,23.1974
577,7Networks_RH_Vis_77,28.0538,-81.9570,27.8602
578,7Networks_RH_Vis_78,16.1518,-78.9464,36.7232
579,7Networks_RH_Vis_79,23.3562,-85.9863,37.8767
580,7Networks_RH_Vis_80,29.0050,-76.5528,39.4874
581,7Networks_RH_Vis_81,22.7547,-81.3962,48.1887
582,7Networks_RH_SomMot_1,51.4017,11.0256,-9.3846
583,7Networks_RH_SomMot_2,60.2087,-2.9913,-6.2087
584,7Networks_RH_SomMot_3,54.8251,2.1345,-3.0762
585,7Networks_RH_SomMot_4,55.1795,-12.8205,-4.6667
586,7Networks_RH_SomMot_5,65.2258,-8.1290,-3.0323
587,7Networks_RH_SomMot_6,48.2979,-10.8936,-0.2128
588,7Networks_RH_SomMot_7,62.7385,-14.8308,-2.7385
589,7Networks_RH_SomMot_8,39.5211,-4.5352,5.9437
590,7Networks_RH_SomMot_9,54.6011,-12.6124,5.1067
591,7Networks_RH_SomMot_10,67.3500,-15.1500,4.7000
592,7Networks_RH_SomMot_11,40.9846,-20.1538,2.5846
593,7Networks_RH_SomMot_12,62.3884,-23.3204,1.4563
594,7Networks_RH_SomMot_13,49.4200,-36.8200,4.1200
595,7Networks_RH_SomMot_14,56.9818,-31.3273,4.6545
596,7Networks_RH_SomMot_15,37.3333,-9.5556,12.3333
597,7Networks_RH_SomMot_16,38.8846,-22.0385,10.3462
598,7Networks_RH_SomMot_17,34.9231,-18.8462,12.0000
599,7Networks_RH_SomMot_18,59.2178,-21.9022,9.6356
600,7Networks_RH_SomMot_19,36.7317,-9.9024,17.5122
601,7Networks_RH_SomMot_20,41.3226,-27.4194,12.2903
602,7Networks_RH_SomMot_21,43.1111,-2.5926,13.8519
603,7Networks_RH_SomMot_22,34.2000,-22.6800,16.9600
604,7Networks_RH_SomMot_23,64.4328,-36.1343,10.8507
605,7Networks_RH_SomMot_24,64.2609,-27.9478,12.8870
606,7Networks_RH_SomMot_25,42.4211,-12.2982,17.4737
607,7Networks_RH_SomMot_26,38.5143,-26.6095,19.4286
608,7Networks_RH_SomMot_27,47.4524,-31.7857,16.5238
609,7Networks_RH_SomMot_28,50.4742,-8.6392,11.9794
610,7Networks_RH_SomMot_29,47.1467,-18.1333,17.5733
611,7Networks_RH_SomMot_30,59.4897,-1.0759,10.6069
612,7Networks_RH_SomMot_31,43.8800,-28.7200,20.6800
613,7Networks_RH_SomMot_32,58.7244,-12.0630,14.7717
614,7Networks_RH_SomMot_33,51.7753,-21.3483,17.9326
615,7Networks_RH_SomMot_34,66.4000,-8.1333,14.5333
616,7Networks_RH_SomMot_35,61.7315,2.5101,22.1342
617,7Networks_RH_SomMot_36,63.4545,-5.1748,23.4965
618,7Networks_RH_SomMot_37,64.8406,-11.3623,25.9710
619,7Networks_RH_SomMot_38,55.7455,-3.8545,23.7091
620,7Networks_RH_SomMot_39,59.9375,-12.9583,32.0000
621,7Networks_RH_SomMot_40,58.7544,1.2632,34.3333
622,7Networks_RH_SomMot_41,62.7826,-9.4783,38.6087
623,7Networks_RH_SomMot_42,56.1400,-7.9200,33.9200
624,7Networks_RH_SomMot_43,49.6842,-6.6316,31.4035
625,7Networks_RH_SomMot_44,55.6491,-15.6842,36.9825
626,7Networks_RH_SomMot_45,6.8281,-2.4062,41.1719
627,7Networks_RH_SomMot_46,59.8140,-11.7209,45.9535
628,7Networks_RH_SomMot_47,54.9558,-3.6283,42.9558
629,7Networks_RH_SomMot_48,50.3288,-12.9863,39.0959
630,7Networks_RH_SomMot_49,44.8571,-11.3968,37.9365
631,7Networks_RH_SomMot_50,53.0476,-17.7778,42.1270
632,7Networks_RH_SomMot_51,12.2917,-15.0000,41.3750
633,7Networks_RH_SomMot_52,9.0861,2.3974,47.0066
634,7Networks_RH_SomMot_53,49.6721,-21.9344,46.6230
635,7Networks_RH_SomMot_54,49.7526,-12.8866,50.0825
636,7Networks_RH_SomMot_55,39.1915,-16.8936,40.9362
637,7Networks_RH_SomMot_56,54.5349,-17.5349,54.5349
638,7Networks_RH_SomMot_57,8.7473,-9.2747,47.0110
639,7Networks_RH_SomMot_58,47.7739,-7.6000,51.0609
640,7Networks_RH_SomMot_59,39.3770,-13.2459,47.2459
641,7Networks_RH_SomMot_60,12.2951,-21.7049,45.3115
642,7Networks_RH_SomMot_61,48.6462,-27.3231,56.1692
643,7Networks_RH_SomMot_62,40.6275,-19.0588,48.8235
644,7Networks_RH_SomMot_63,47.1081,-19.7838,60.1081
645,7Networks_RH_SomMot_64,6.0933,-0.7733,54.6267
646,7Networks_RH_SomMot_65,43.3846,-8.9744,59.7949
647,7Networks_RH_SomMot_66,6.3294,-15.1882,51.8706
648,7Networks_RH_SomMot_67,8.8608,-30.4304,50.0253
649,7Networks_RH_SomMot_68,40.6757,-17.4324,55.6216
650,7Networks_RH_SomMot_69,29.5000,-37.2273,55.7727
651,7Networks_RH_SomMot_70,39.2632,-33.7474,60.6105
652,7Networks_RH_SomMot_71,38.9744,-24.2051,52.9744
653,7Networks_RH_SomMot_72,13.7500,-43.0000,57.7500
654,7Networks_RH_SomMot_73,41.5366,-28.6829,65.7805
655,7Networks_RH_SomMot_74,6.3500,-36.8000,55.2500
656,7Networks_RH_SomMot_75,37.8491,-16.0755,66.6415
657,7Networks_RH_SomMot_76,31.6213,-40.7692,65.1124
658,7Networks_RH_SomMot_77,4.5575,-23.2920,58.1593
659,7Networks_RH_SomMot_78,32.1923,-27.3654,61.1538
660,7Networks_RH_SomMot_79,29.2522,-33.9826,65.2174
661,7Networks_RH_SomMot_80,30.9194,-23.5000,59.8387
662,7Networks_RH_SomMot_81,27.8636,-11.1477,64.9318
663,7Networks_RH_SomMot_82,8.2933,-40.1867,62.3467
664,7Networks_RH_SomMot_83,4.5882,-10.8627,65.9608
665,7Networks_RH_SomMot_84,27.2812,-18.2812,72.6250
666,7Networks_RH_SomMot_85,2.9189,-33.4865,64.1351
667,7Networks_RH_SomMot_86,24.4340,-28.3962,66.6981
668,7Networks_RH_SomMot_87,24.0404,-42.9091,66.5051
669,7Networks_RH_SomMot_88,22.7126,-34.0920,69.3563
670,7Networks_RH_SomMot_89,13.6667,-41.0833,68.4167
671,7Networks_RH_SomMot_90,20.5600,-24.4200,66.6400
672,7Networks_RH_SomMot_91,11.3448,-4.8966,72.5517
673,7Networks_RH_SomMot_92,19.8156,-13.2624,71.3617
674,7Networks_RH_SomMot_93,5.4717,-40.4906,70.1132
675,7Networks_RH_SomMot_94,14.8852,-44.7213,76.5246
676,7Networks_RH_SomMot_95,6.7283,-18.9480,73.0520
677,7Networks_RH_SomMot_96,12.9744,-14.0256,72.9487
678,7Networks_RH_SomMot_97,21.3939,-38.2424,74.7273
679,7Networks_RH_SomMot_98,16.8364,-30.0727,70.5091
680,7Networks_RH_SomMot_99,19.4667,-30.8667,76.8000
681,7Networks_RH_SomMot_100,4.6531,-31.5510,73.2245
682,7Networks_RH_SomMot_101,11.2706,-38.0000,76.9412
683,7Networks_RH_SomMot_102,13.5728,-26.0777,72.1748
684,7Networks_RH_SomMot_103,12.0253,-32.5316,75.0380
685,7Networks_RH_DorsAttn_Post_1,48.6447,-34.6579,-22.6184
686,7Networks_RH_DorsAttn_Post_2,45.7176,-45.4588,-21.1294
687,7Networks_RH_DorsAttn_Post_3,50.9430,-45.0494,-18.6388
688,7Networks_RH_DorsAttn_Post_4,48.5882,-60.1176,-12.5255
689,7Networks_RH_DorsAttn_Post_5,58.7937,-53.4815,-15.7672
690,7Networks_RH_DorsAttn_Post_6,56.7300,-55.0722,-4.7529
691,7Networks_RH_DorsAttn_Post_7,62.0482,-54.8916,1.3012
692,7Networks_RH_DorsAttn_Post_8,50.3735,-59.3253,4.9036
693,7Networks_RH_DorsAttn_Post_9,51.8710,-59.8226,12.9839
694,7Networks_RH_DorsAttn_Post_10,50.3036,-53.4643,14.5000
695,7Networks_RH_DorsAttn_Post_11,46.0602,-67.2651,18.3614
696,7Networks_RH_DorsAttn_Post_12,46.5551,-75.1101,27.4009
697,7Networks_RH_DorsAttn_Post_13,38.0842,-77.2842,31.7263
698,7Networks_RH_DorsAttn_Post_14,58.3684,-18.7895,34.7895
699,7Networks_RH_DorsAttn_Post_15,35.0588,-71.6340,39.9477
700,7Networks_RH_DorsAttn_Post_16,30.7412,-65.8588,33.3294
701,7Networks_RH_DorsAttn_Post_17,56.4466,-22.0583,43.4369
702,7Networks_RH_DorsAttn_Post_18,54.2222,-28.2667,51.1556
703,7Networks_RH_DorsAttn_Post_19,31.6311,-68.4466,48.4078
704,7Networks_RH_DorsAttn_Post_20,48.1026,-35.8718,54.0513
705,7Networks_RH_DorsAttn_Post_21,24.0328,-74.2295,51.3443
706,7Networks_RH_DorsAttn_Post_22,23.6386,-65.6627,45.5904
707,7Networks_RH_DorsAttn_Post_23,47.7009,-27.4953,41.9813
708,7Networks_RH_DorsAttn_Post_24,28.9394,-64.1970,51.5455
709,7Networks_RH_DorsAttn_Post_25,37.5294,-41.9085,44.3529
710,7Networks_RH_DorsAttn_Post_26,41.8824,-37.6863,54.9020
711,7Networks_RH_DorsAttn_Post_27,14.3279,-76.1967,52.0164
712,7Networks_RH_DorsAttn_Post_28,39.7471,-32.5517,44.9195
713,7Networks_RH_DorsAttn_Post_29,36.1364,-57.9545,51.1364
714,7Networks_RH_DorsAttn_Post_30,42.2264,-27.1698,43.5849
715,7Networks_RH_DorsAttn_Post_31,35.6471,-45.3765,51.9059
716,7Networks_RH_DorsAttn_Post_32,30.7714,-58.9429,57.5286
717,7Networks_RH_DorsAttn_Post_33,6.4507,-51.6901,50.1690
718,7Networks_RH_DorsAttn_Post_34,30.3894,-51.0089,52.1239
719,7Networks_RH_DorsAttn_Post_35,34.2222,-33.7111,48.7556
720,7Networks_RH_DorsAttn_Post_36,37.9512,-40.0488,58.4634
721,7Networks_RH_DorsAttn_Post_37,17.0667,-69.0222,54.5556
722,7Networks_RH_DorsAttn_Post_38,4.7711,-66.0723,52.2651
723,7Networks_RH_DorsAttn_Post_39,24.0448,-65.2537,56.6866
724,7Networks_RH_DorsAttn_Post_40,9.7308,-71.0577,54.0577
725,7Networks_RH_DorsAttn_Post_41,7.3793,-56.3966,54.0345
726,7Networks_RH_DorsAttn_Post_42,37.1959,-47.9381,61.7526
727,7Networks_RH_DorsAttn_Post_43,30.3784,-53.1171,62.3243
728,7Networks_RH_DorsAttn_Post_44,23.6935,-59.2581,62.0484
729,7Networks_RH_DorsAttn_Post_45,20.3548,-65.5806,64.8065
730,7Networks_RH_DorsAttn_Post_46,10.7107,-63.6281,62.7025
731,7Networks_RH_DorsAttn_Post_47,5.9770,-54.0460,60.9885
732,7Networks_RH_DorsAttn_Post_48,29.9823,-48.9027,69.2389
733,7Networks_RH_DorsAttn_Post_49,22.6067,-55.7528,70.4494
734,7Networks_RH_DorsAttn_Post_50,15.6267,-56.8000,67.2800
735,7Networks_RH_DorsAttn_Post_51,8.9718,-50.8592,69.9296
736,7Networks_RH_DorsAttn_Post_52,18.9816,-48.2822,69.5706
737,7Networks_RH_DorsAttn_FEF_1,41.1030,-2.7758,51.4424
738,7Networks_RH_DorsAttn_FEF_2,31.5705,-1.3154,51.2886
739,7Networks_RH_DorsAttn_FEF_3,25.6327,4.2721,53.3469
740,7Networks_RH_DorsAttn_FEF_4,34.7080,-7.2389,58.5133
741,7Networks_RH_DorsAttn_FEF_5,25.9000,-7.2143,52.1571
742,7Networks_RH_DorsAttn_FEF_6,24.6034,-3.7069,62.3103
743,7Networks_RH_DorsAttn_PrCv_1,49.5333,12.4667,20.9333
744,7Networks_RH_DorsAttn_PrCv_2,43.4836,7.6885,25.5082
745,7Networks_RH_DorsAttn_PrCv_3,54.5963,8.7702,30.1491
746,7Networks_RH_SalVentAttn_TempOccPar_1,62.9774,-45.4135,3.8045
747,7Networks_RH_SalVentAttn_TempOccPar_2,56.1739,-42.8478,8.1739
748,7Networks_RH_SalVentAttn_TempOccPar_3,58.6720,-54.4000,8.0480
749,7Networks_RH_SalVentAttn_TempOccPar_4,51.8382,-39.7206,12.4559
750,7Networks_RH_SalVentAttn_TempOccPar_5,55.8519,-40.0741,20.3704
751,7Networks_RH_SalVentAttn_TempOccPar_6,64.4404,-30.9358,19.0826
752,7Networks_RH_SalVentAttn_TempOccPar_7,53.7143,-32.9670,23.5385
753,7Networks_RH_SalVentAttn_TempOccPar_8,64.2319,-39.1304,19.3913
754,7Networks_RH_SalVentAttn_TempOccPar_9,50.9714,-27.3143,25.4286
755,7Networks_RH_SalVentAttn_TempOccPar_10,63.4151,-31.0566,28.6226
756,7Networks_RH_SalVentAttn_TempOccPar_11,61.0000,-19.7945,19.1096
757,7Networks_RH_SalVentAttn_TempOccPar_12,55.3659,-30.5366,33.5610
758,7Networks_RH_SalVentAttn_TempOccPar_13,63.5147,-39.6324,27.8235
759,7Networks_RH_SalVentAttn_TempOccPar_14,60.7559,-24.6929,27.7165
760,7Networks_RH_SalVentAttn_TempOccPar_15,62.5556,-28.5278,38.8056
761,7Networks_RH_SalVentAttn_TempOccPar_16,63.4639,-18.2680,28.3711
762,7Networks_RH_SalVentAttn_TempOccPar_17,64.2989,-34.4828,38.8276
763,7Networks_RH_SalVentAttn_TempOccPar_18,63.8676,-22.2914,40.4371
764,7Networks_RH_SalVentAttn_PrC_1,49.2901,3.8855,40.4656
765,7Networks_RH_SalVentAttn_PrC_2,49.3778,-1.2444,47.2000
766,7Networks_RH_SalVentAttn_FrOper_1,38.0727,7.6000,-20.5455
767,7Networks_RH_SalVentAttn_FrOper_2,38.2198,10.7692,-11.2967
768,7Networks_RH_SalVentAttn_FrOper_3,46.3030,6.3636,-14.4848
769,7Networks_RH_SalVentAttn_FrOper_4,40.0741,1.1296,-12.0000
770,7Networks_RH_SalVentAttn_FrOper_5,40.6667,9.7312,-2.8065
771,7Networks_RH_SalVentAttn_FrOper_6,40.7260,-6.8082,-6.7945
772,7Networks_RH_SalVentAttn_FrOper_7,46.4375,-9.1250,-6.1250
773,7Networks_RH_SalVentAttn_FrOper_8,33.3538,24.4462,1.3538
774,7Networks_RH_SalVentAttn_FrOper_9,37.6364,5.7576,4.0404
775,7Networks_RH_SalVentAttn_FrOper_10,37.3871,30.3548,2.1613
776,7Networks_RH_SalVentAttn_FrOper_11,39.3441,-14.0000,2.0215
777,7Networks_RH_SalVentAttn_FrOper_12,33.7143,19.7922,9.4545
778,7Networks_RH_SalVentAttn_FrOper_13,41.4286,24.0336,5.4454
779,7Networks_RH_SalVentAttn_FrOper_14,35.0000,5.4583,10.2500
780,7Networks_RH_SalVentAttn_FrOper_15,47.0127,20.9873,2.7848
781,7Networks_RH_SalVentAttn_FrOper_16,37.8077,12.2692,9.1154
782,7Networks_RH_SalVentAttn_FrOper_17,44.2703,12.5405,4.3063
783,7Networks_RH_SalVentAttn_FrOper_18,39.6610,2.2712,13.4576
784,7Networks_RH_SalVentAttn_FrOper_19,49.5294,8.8908,-0.0336
785,7Networks_RH_SalVentAttn_FrOper_20,47.5221,-0.6549,6.6372
786,7Networks_RH_SalVentAttn_FrOper_21,53.1867,13.0400,8.6667
787,7Networks_RH_SalVentAttn_FrOper_22,57.6792,4.2075,5.6604
788,7Networks_RH_SalVentAttn_FrOper_23,55.8361,9.1967,12.9016
789,7Networks_RH_SalVentAttn_FrOper_24,59.4091,9.0000,19.7500
790,7Networks_RH_SalVentAttn_PFCl_1,31.1863,47.2941,20.9706
791,7Networks_RH_SalVentAttn_PFCl_2,28.4218,44.7483,32.8980
792,7Networks_RH_SalVentAttn_Med_1,5.1096,23.6712,26.9863
793,7Networks_RH_SalVentAttn_Med_2,4.1346,9.1346,34.1538
794,7Networks_RH_SalVentAttn_Med_3,4.1818,-5.0909,36.3636
795,7Networks_RH_SalVentAttn_Med_4,8.3750,23.9792,37.8958
796,7Networks_RH_SalVentAttn_Med_5,8.3787,13.2359,39.4419
797,7Networks_RH_SalVentAttn_Med_6,8.4074,-25.2593,40.6296
798,7Networks_RH_SalVentAttn_Med_7,7.7193,-14.8070,40.3860
799,7Networks_RH_SalVentAttn_Med_8,10.0870,-33.8696,42.3043
800,7Networks_RH_SalVentAttn_Med_9,13.1667,-24.3750,38.8750
801,7Networks_RH_SalVentAttn_Med_10,12.2154,-39.2615,45.0462
802,7Networks_RH_SalVentAttn_Med_11,7.1458,14.1458,50.4792
803,7Networks_RH_SalVentAttn_Med_12,14.6383,-30.4255,43.6596
804,7Networks_RH_SalVentAttn_Med_13,8.8000,-42.9524,50.9143
805,7Networks_RH_SalVentAttn_Med_14,14.3077,-36.6154,51.5692
806,7Networks_RH_SalVentAttn_Med_15,4.9505,10.8911,59.3663
807,7Networks_RH_SalVentAttn_Med_16,6.2667,-46.7733,57.4933
808,7Networks_RH_SalVentAttn_Med_17,6.6619,0.3669,66.1583
809,7Networks_RH_SalVentAttn_Med_18,10.4571,-46.6857,63.9429
810,7Networks_RH_SalVentAttn_Med_19,15.6640,6.3680,69.2160
811,7Networks_RH_SalVentAttn_Med_20,18.8934,-4.5888,68.8629
812,7Networks_RH_Limbic_OFC_1,20.9420,13.2754,-22.3913
813,7Networks_RH_Limbic_OFC_2,14.3011,16.2366,-17.0323
814,7Networks_RH_Limbic_OFC_3,15.1538,27.2308,-23.7231
815,7Networks_RH_Limbic_OFC_4,10.0392,27.2353,-19.9804
816,7Networks_RH_Limbic_OFC_5,10.1074,40.8993,-23.3020
817,7Networks_RH_Limbic_OFC_6,23.2793,28.2973,-18.5586
818,7Networks_RH_Limbic_OFC_7,16.0455,47.8864,-19.7727
819,7Networks_RH_Limbic_OFC_8,4.8966,19.7854,-20.0383
820,7Networks_RH_Limbic_OFC_9,3.3398,40.4272,-24.8350
821,7Networks_RH_Limbic_OFC_10,6.4343,54.5600,-22.2514
822,7Networks_RH_Limbic_OFC_11,14.9120,60.0800,-17.4560
823,7Networks_RH_Limbic_OFC_12,4.0111,26.3315,-11.5359
824,7Networks_RH_Limbic_OFC_13,6.7581,63.3468,-11.2742
825,7Networks_RH_Limbic_OFC_14,21.7569,62.0784,-9.5843
826,7Networks_RH_Limbic_TempPole_1,28.4495,2.0657,-44.1768
827,7Networks_RH_Limbic_TempPole_2,34.7192,10.6404,-40.2759
828,7Networks_RH_Limbic_TempPole_3,48.8836,-5.4442,-39.8622
829,7Networks_RH_Limbic_TempPole_4,40.1747,-9.5459,-34.6725
830,7Networks_RH_Limbic_TempPole_5,30.9894,-9.6138,-35.0847
831,7Networks_RH_Limbic_TempPole_6,20.1905,0.2381,-32.2381
832,7Networks_RH_Limbic_TempPole_7,24.2785,8.9114,-31.6540
833,7Networks_RH_Limbic_TempPole_8,50.2829,-19.9512,-30.9073
834,7Networks_RH_Limbic_TempPole_9,42.3158,-20.9323,-25.4135
835,7Networks_RH_Limbic_TempPole_10,36.9845,20.8731,-32.0805
836,7Networks_RH_Limbic_TempPole_11,59.2893,-20.2975,-29.8678
837,7Networks_RH_Limbic_TempPole_12,21.5286,-12.6000,-29.7143
838,7Networks_RH_Limbic_TempPole_13,43.5556,-30.1852,-22.6852
839,7Networks_RH_Limbic_TempPole_14,32.3040,10.3200,-27.4240
840,7Networks_RH_Limbic_TempPole_15,33.3287,-22.0280,-25.4825
841,7Networks_RH_Limbic_TempPole_16,22.0190,-22.1143,-24.0000
842,7Networks_RH_Limbic_TempPole_17,42.4364,12.2909,-21.1455
843,7Networks_RH_Cont_Par_1,60.5957,-44.7660,31.7021
844,7Networks_RH_Cont_Par_2,58.6555,-45.6639,40.4538
845,7Networks_RH_Cont_Par_3,59.2966,-38.5379,38.9379
846,7Networks_RH_Cont_Par_4,39.8000,-75.7500,42.5750
847,7Networks_RH_Cont_Par_5,55.2781,-50.8402,46.2130
848,7Networks_RH_Cont_Par_6,59.9388,-31.6122,50.2041
849,7Networks_RH_Cont_Par_7,55.3913,-40.8261,47.5362
850,7Networks_RH_Cont_Par_8,47.3867,-57.2800,53.7067
851,7Networks_RH_Cont_Par_9,52.9615,-34.5769,49.3077
852,7Networks_RH_Cont_Par_10,49.2188,-44.1875,49.8438
853,7Networks_RH_Cont_Par_11,48.1887,-49.6226,54.1887
854,7Networks_RH_Cont_Par_12,49.2500,-39.2083,47.5417
855,7Networks_RH_Cont_Par_13,37.5273,-67.6000,49.4182
856,7Networks_RH_Cont_Par_14,41.9310,-58.0000,50.6379
857,7Networks_RH_Cont_Par_15,43.3621,-48.6724,46.9483
858,7Networks_RH_Cont_Par_16,43.7664,-39.6204,45.4015
859,7Networks_RH_Cont_Par_17,35.4186,-51.4884,42.3140
860,7Networks_RH_Cont_Temp_1,59.1633,-29.0518,-23.2191
861,7Networks_RH_Cont_Temp_2,60.4082,-38.6803,-18.9796
862,7Networks_RH_Cont_Temp_3,63.4932,-40.9658,-10.6096
863,7Networks_RH_Cont_Temp_4,65.4524,-46.7619,-2.6667
864,7Networks_RH_Cont_PFCv_1,34.0678,20.3729,-6.6610
865,7Networks_RH_Cont_PFCv_2,34.3158,26.6316,-7.0526
866,7Networks_RH_Cont_PFCl_1,24.1436,40.6188,-16.1436
867,7Networks_RH_Cont_PFCl_2,28.0000,51.8439,-14.2439
868,7Networks_RH_Cont_PFCl_3,39.8819,51.8898,-12.3858
869,7Networks_RH_Cont_PFCl_4,32.3661,58.6964,-1.7768
870,7Networks_RH_Cont_PFCl_5,43.4242,49.6288,-3.6515
871,7Networks_RH_Cont_PFCl_6,23.2296,62.5556,1.5852
872,7Networks_RH_Cont_PFCl_7,49.2893,40.3655,3.8274
873,7Networks_RH_Cont_PFCl_8,40.9876,49.7842,6.7386
874,7Networks_RH_Cont_PFCl_9,31.2028,55.3007,10.2587
875,7Networks_RH_Cont_PFCl_10,53.5165,30.6044,14.5275
876,7Networks_RH_Cont_PFCl_11,25.7732,60.7835,14.1031
877,7Networks_RH_Cont_PFCl_12,42.2710,38.8598,12.4299
878,7Networks_RH_Cont_PFCl_13,54.2264,18.0000,20.1384
879,7Networks_RH_Cont_PFCl_14,41.8125,48.4219,18.3438
880,7Networks_RH_Cont_PFCl_15,46.1769,28.8639,21.7959
881,7Networks_RH_Cont_PFCl_16,45.0208,17.9583,24.2292
882,7Networks_RH_Cont_PFCl_17,24.9204,55.2448,25.4867
883,7Networks_RH_Cont_PFCl_18,46.1677,36.3114,25.7964
884,7Networks_RH_Cont_PFCl_19,38.3379,41.3790,29.1142
885,7Networks_RH_Cont_PFCl_20,50.5350,24.2420,31.3121
886,7Networks_RH_Cont_PFCl_21,41.1407,17.0815,30.1778
887,7Networks_RH_Cont_PFCl_22,43.6021,29.8429,36.1780
888,7Networks_RH_Cont_PFCl_23,37.2866,8.5478,34.4586
889,7Networks_RH_Cont_PFCl_24,34.8710,36.3441,40.4194
890,7Networks_RH_Cont_PFCl_25,46.8689,15.9262,39.5000
891,7Networks_RH_Cont_PFCl_26,40.4954,9.9817,45.0826
892,7Networks_RH_Cont_PFCl_27,41.3382,23.3527,46.9745
893,7Networks_RH_Cont_PFCl_28,32.6452,30.1290,47.1613
894,7Networks_RH_Cont_PFCl_29,44.3152,5.5515,50.4485
895,7Networks_RH_Cont_PFCl_30,38.4062,10.2188,57.8500
896,7Networks_RH_Cont_PFCl_31,30.8376,17.0342,52.9829
897,7Networks_RH_Cont_PFCl_32,24.5505,16.6422,46.4404
898,7Networks_RH_Cont_PFCl_33,19.8810,17.6905,62.2738
899,7Networks_RH_Cont_PFCl_34,24.1423,8.7341,62.0449
900,7Networks_RH_Cont_pCun_1,14.0000,-68.2512,35.0242
901,7Networks_RH_Cont_pCun_2,13.7024,-75.2143,43.7738
902,7Networks_RH_Cont_pCun_3,5.0606,-74.0303,46.5152
903,7Networks_RH_Cont_Cing_1,5.8333,-22.3333,26.6667
904,7Networks_RH_Cont_Cing_2,5.3171,9.0244,27.5610
905,7Networks_RH_Cont_Cing_3,6.8333,-32.2619,26.9524
906,7Networks_RH_Cont_Cing_4,5.2917,-0.7917,30.1250
907,7Networks_RH_Cont_Cing_5,5.1605,-15.7778,30.2469
908,7Networks_RH_Cont_PFCmp_1,7.5980,35.4510,20.2255
909,7Networks_RH_Cont_PFCmp_2,9.9494,28.1266,28.2532
910,7Networks_RH_Cont_PFCmp_3,6.2390,34.9811,32.7296
911,7Networks_RH_Cont_PFCmp_4,4.5567,38.4021,47.6186
912,7Networks_RH_Cont_PFCmp_5,5.0263,25.4035,48.3333
913,7Networks_RH_Default_Par_1,57.7200,-48.1600,10.3000
914,7Networks_RH_Default_Par_2,53.3182,-44.9091,17.4091
915,7Networks_RH_Default_Par_3,49.2857,-58.6122,19.1837
916,7Networks_RH_Default_Par_4,50.4854,-50.7379,18.8932
917,7Networks_RH_Default_Par_5,55.0654,-46.8037,22.6542
918,7Networks_RH_Default_Par_6,50.3768,-63.5072,25.3140
919,7Networks_RH_Default_Par_7,55.0423,-42.8732,26.8451
920,7Networks_RH_Default_Par_8,47.2407,-55.0556,27.3704
921,7Networks_RH_Default_Par_9,57.4454,-52.9076,24.1513
922,7Networks_RH_Default_Par_10,54.8276,-46.4828,31.6552
923,7Networks_RH_Default_Par_11,49.2909,-60.5455,33.9636
924,7Networks_RH_Default_Par_12,47.7852,-68.8322,35.6644
925,7Networks_RH_Default_Par_13,56.6364,-53.4318,33.0795
926,7Networks_RH_Default_Par_14,48.7714,-62.5714,41.7286
927,7Networks_RH_Default_Par_15,53.1079,-57.5252,43.3525
928,7Networks_RH_Default_Par_16,43.7179,-67.8718,48.5128
929,7Networks_RH_Default_Temp_1,47.1482,9.7898,-36.6253
930,7Networks_RH_Default_Temp_2,49.9200,-0.5867,-32.3467
931,7Networks_RH_Default_Temp_3,59.6878,-8.0585,-24.6732
932,7Networks_RH_Default_Temp_4,51.9222,8.0556,-26.1778
933,7Networks_RH_Default_Temp_5,48.9789,17.2000,-21.8316
934,7Networks_RH_Default_Temp_6,57.5122,-3.9512,-17.4472
935,7Networks_RH_Default_Temp_7,64.0000,-24.0925,-16.8439
936,7Networks_RH_Default_Temp_8,65.6033,-11.4876,-12.5950
937,7Networks_RH_Default_Temp_9,53.4952,4.2381,-15.0667
938,7Networks_RH_Default_Temp_10,67.1930,-30.0702,-12.3158
939,7Networks_RH_Default_Temp_11,50.6476,-8.1524,-13.0095
940,7Networks_RH_Default_Temp_12,63.8238,-21.3264,-8.4560
941,7Networks_RH_Default_Temp_13,50.1538,-17.2967,-10.5275
942,7Networks_RH_Default_Temp_14,54.2740,-27.2055,-6.3836
943,7Networks_RH_Default_Temp_15,64.8161,-33.1954,-1.8621
944,7Networks_RH_Default_Temp_16,48.4935,-22.4675,-4.6494
945,7Networks_RH_Default_Temp_17,47.8750,-29.6500,-0.7500
946,7Networks_RH_Default_Temp_18,55.5054,-36.8172,-0.6452
947,7Networks_RH_Default_PFCv_1,28.7971,19.0000,-20.2899
948,7Networks_RH_Default_PFCv_2,31.4521,19.8630,-12.6575
949,7Networks_RH_Default_PFCv_3,35.0909,26.6263,-19.0909
950,7Networks_RH_Default_PFCv_4,35.3048,37.1905,-12.8095
951,7Networks_RH_Default_PFCv_5,41.1634,25.3072,-13.8954
952,7Networks_RH_Default_PFCv_6,47.5141,34.4407,-14.1695
953,7Networks_RH_Default_PFCv_7,42.3614,26.1928,-5.4699
954,7Networks_RH_Default_PFCv_8,50.0000,33.1209,-5.9670
955,7Networks_RH_Default_PFCv_9,52.5521,29.3333,1.4688
956,7Networks_RH_Default_PFCv_10,55.6111,21.3889,8.9167
957,7Networks_RH_Default_PFCm_1,5.4847,45.0237,-12.4203
958,7Networks_RH_Default_PFCm_2,5.5130,34.6435,-5.1304
959,7Networks_RH_Default_PFCm_3,7.4069,52.1793,-3.5034
960,7Networks_RH_Default_PFCm_4,8.7826,67.2935,0.2283
961,7Networks_RH_Default_PFCm_5,9.9661,45.5254,-0.8814
962,7Networks_RH_Default_PFCm_6,17.3805,67.2920,10.0708
963,7Networks_RH_Default_PFCm_7,7.7684,41.6895,6.9000
964,7Networks_RH_Default_PFCm_8,7.2863,57.5202,10.3911
965,7Networks_RH_Default_PFCm_9,6.0260,29.8701,13.8442
966,7Networks_RH_Default_PFCm_10,15.8773,63.5092,20.5644
967,7Networks_RH_Default_PFCm_11,7.6571,45.1857,21.7857
968,7Networks_RH_Default_PFCm_12,5.7931,19.2069,21.8966
969,7Networks_RH_Default_PFCm_13,5.9265,57.5515,28.1691
970,7Networks_RH_Default_PFCm_14,15.2653,54.3946,35.0476
971,7Networks_RH_Default_PFCm_15,4.9868,46.3158,35.0132
972,7Networks_RH_Default_PFCm_16,19.9388,45.9592,36.3061
973,7Networks_RH_Default_PFCm_17,25.8182,34.1983,34.3471
974,7Networks_RH_Default_PFCm_18,9.4220,47.8613,47.5607
975,7Networks_RH_Default_PFCm_19,21.9495,40.4545,45.9394
976,7Networks_RH_Default_PFCm_20,27.0267,29.1444,41.9786
977,7Networks_RH_Default_PFCm_21,14.1255,33.5216,55.5294
978,7Networks_RH_Default_PFCm_22,23.8534,26.4138,52.9052
979,7Networks_RH_Default_PFCm_23,5.3514,23.6757,60.5405
980,7Networks_RH_Default_PFCm_24,11.0886,19.1561,63.8059
981,7Networks_RH_Default_PCC_1,10.0800,-48.3467,7.5467
982,7Networks_RH_Default_PCC_2,10.8889,-54.5694,13.2778
983,7Networks_RH_Default_PCC_3,7.0000,-46.7143,14.2857
984,7Networks_RH_Default_PCC_4,16.3626,-58.2807,21.2515
985,7Networks_RH_Default_PCC_5,7.5172,-42.2759,22.6897
986,7Networks_RH_Default_PCC_6,5.2908,-52.5106,19.9291
987,7Networks_RH_Default_PCC_7,4.3000,-61.4500,22.8000
988,7Networks_RH_Default_PCC_8,4.9773,-44.9545,28.6136
989,7Networks_RH_Default_PCC_9,5.9077,-65.7846,27.8462
990,7Networks_RH_Default_PCC_10,7.7538,-54.6462,29.1385
991,7Networks_RH_Default_PCC_11,5.6438,-38.2740,32.3836
992,7Networks_RH_Default_PCC_12,3.9497,-29.1824,35.8994
993,7Networks_RH_Default_PCC_13,11.9143,-43.7143,34.1714
994,7Networks_RH_Default_PCC_14,3.9636,-16.4000,37.2364
995,7Networks_RH_Default_PCC_15,4.4466,-65.4369,36.0194
996,7Networks_RH_Default_PCC_16,9.6230,-53.0984,36.2623
997,7Networks_RH_Default_PCC_17,7.4697,-49.8182,43.9242
998,7Networks_RH_Default_PCC_18,6.4167,-61.5714,43.9881
999,7Networks_RH_Cont_PCC_1,6.1579,-37.1842,39.4474
1000,7Networks_RH_Cont_PCC_2,7.7045,-44.3182,40.6818
